item,event,mulai,tren_sebelum_%/hari,efek_-20..14_%,titik_terendah_%,hari_terendah
ghc,Valentine 2024,2024-02-14,-0.73,-47.8,-51.2,0
ghc,Valentine 2025,2025-02-13,-0.1,-8.1,-26.3,0
ghc,Valentine 2026,2026-02-12,1.0,-14.0,-51.1,5
gang,Valentine 2025,2025-02-13,0.05,-6.3,-35.2,0
gang,Valentine 2026,2026-02-12,0.69,-7.7,-53.1,5
hs,Valentine 2025,2025-02-13,0.13,-7.3,-34.1,0
hs,Valentine 2026,2026-02-12,0.64,-11.0,-52.7,5
locket,Valentine 2024,2024-02-14,-0.09,-19.2,-31.7,8
locket,Valentine 2025,2025-02-13,0.04,-5.3,-32.4,0
locket,Valentine 2026,2026-02-12,0.68,-9.8,-50.4,5
